MSE,RMSE,MAE,R2
0.010186398692268348,0.10092769041382225,0.0687441260037074,0.945056379595301
