Model,MSE,RMSE,MAE,R2
MLP,0.010186398692268348,0.10092769041382225,0.0687441260037074,0.945056379595301
Baseline (Mean),0.21274777406645645,0.46124589327868976,0.3434378351618585,-0.14752360410989174
